text,devanagari,label
आnndi,आनंदी,positive
आNndee,आनंदी,positive
आnndee,आनंदी,positive
आnndhee,आनंदी,positive
khoshee,खोशी,positive
khosee,खोशी,positive
khoshi,खोशी,positive
KHOSHEE,खोशी,positive
SुKHEE,सुखी,positive
sुkhee,सुखी,positive
sुkhi,सुखी,positive
sntुsh्t,संतुष्ट,positive
sntुs्t,संतुष्ट,positive
SntुSh्T,संतुष्ट,positive
tृp्t,तृप्त,positive
TृP्T,तृप्त,positive
smadhani,समाधानी,positive
smaadhaanee,समाधानी,positive
Smaadhaanee,समाधानी,positive
p्rsn्n,प्रसन्न,positive
P्Rsn्N,प्रसन्न,positive
hr्shिt,हर्षित,positive
hr्sिt,हर्षित,positive
Hr्ShिT,हर्षित,positive
उL्Laasee,उल्लासी,positive
उl्laasee,उल्लासी,positive
उl्lasi,उल्लासी,positive
आNndmy,आनंदमय,positive
आnndmy,आनंदमय,positive
p्rem,प्रेम,positive
P्Rem,प्रेम,positive
Mog,मोग,positive
mog,मोग,positive
S्Neh,स्नेह,positive
s्neh,स्नेह,positive
may,माय,positive
MAAY,माय,positive
maay,माय,positive
Kaakoot,काकूत,positive
khaakhoot,काकूत,positive
kaakoot,काकूत,positive
kakut,काकूत,positive
LAAD,लाड,positive
lad,लाड,positive
laad,लाड,positive
mmthaa,ममता,positive
MMTAA,ममता,positive
mmtaa,ममता,positive
mmta,ममता,positive
VAAT्SL्Y,वात्सल्य,positive
vat्sl्y,वात्सल्य,positive
vaat्sl्y,वात्सल्य,positive
sauhar्d,सौहार्द,positive
sauhaar्d,सौहार्द,positive
Sauhaar्D,सौहार्द,positive
MAIT्REE,मैत्री,positive
mait्ree,मैत्री,positive
mait्ri,मैत्री,positive
आshaavaadee,आशावादी,positive
आshavadi,आशावादी,positive
आsaavaadee,आशावादी,positive
आshaavaadhee,आशावादी,positive
आShaavaadee,आशावादी,positive
उmedi,उमेदी,positive
उmedhee,उमेदी,positive
उMedee,उमेदी,positive
उmedee,उमेदी,positive
आSHECHEN,आशेचें,positive
आsecen,आशेचें,positive
आshechen,आशेचें,positive
bhrvsaa,भरवशा,positive
bhrvshaa,भरवशा,positive
bhrvsha,भरवशा,positive
BHRVSHAA,भरवशा,positive
vिs्vaas,विश्वास,positive
VिSh्Vaas,विश्वास,positive
vिsh्vas,विश्वास,positive
vिsh्vaas,विश्वास,positive
आs्tha,आस्था,positive
आS्THAA,आस्था,positive
आs्thaa,आस्था,positive
sh्rd्dhaa,श्रद्धा,positive
sh्rd्dha,श्रद्धा,positive
s्rd्dhaa,श्रद्धा,positive
Sh्Rd्Dhaa,श्रद्धा,positive
bhk्ti,भक्ती,positive
bhk्tee,भक्ती,positive
bhk्thee,भक्ती,positive
Bhk्Tee,भक्ती,positive
nिsh्tha,निष्ठा,positive
nिs्thaa,निष्ठा,positive
nिsh्thaa,निष्ठा,positive
NिSH्THAA,निष्ठा,positive
smr्pn,समर्पण,positive
SMR्PN,समर्पण,positive
YSHS्VEE,यशस्वी,positive
yshs्vi,यशस्वी,positive
yss्vee,यशस्वी,positive
yshs्vee,यशस्वी,positive
Sphl,सफल,positive
sphl,सफल,positive
jyi,जयी,positive
JYEE,जयी,positive
jyee,जयी,positive
vिjyi,विजयी,positive
vिjyee,विजयी,positive
VिJYEE,विजयी,positive
praak्rmee,पराक्रमी,positive
PRAAK्RMEE,पराक्रमी,positive
prak्rmi,पराक्रमी,positive
SिD्Dhee,सिद्धी,positive
sिd्dhee,सिद्धी,positive
sिd्dhi,सिद्धी,positive
KAAMYAAB,कामयाब,positive
khaamyaab,कामयाब,positive
kaamyaab,कामयाब,positive
kamyab,कामयाब,positive
उPlb्Dhee,उपलब्धी,positive
उplb्dhi,उपलब्धी,positive
उplb्dhee,उपलब्धी,positive
p्rgti,प्रगती,positive
p्rgtee,प्रगती,positive
P्Rgtee,प्रगती,positive
p्rgthee,प्रगती,positive
vिkaas,विकास,positive
vिkas,विकास,positive
vिkhaas,विकास,positive
VिKAAS,विकास,positive
p्rbhaavee,प्रभावी,positive
p्rbhavi,प्रभावी,positive
P्Rbhaavee,प्रभावी,positive
prिnaamkhaark,परिणामकारक,positive
prिnamkark,परिणामकारक,positive
prिnaamkaark,परिणामकारक,positive
PRिNAAMKAARK,परिणामकारक,positive
phldaayee,फलदायी,positive
phldayi,फलदायी,positive
PHLDAAYEE,फलदायी,positive
phldhaayee,फलदायी,positive
s्pr्dhaat्mk,स्पर्धात्मक,positive
S्Pr्Dhaat्Mk,स्पर्धात्मक,positive
s्pr्dhat्mk,स्पर्धात्मक,positive
अG्RGN्Y,अग्रगण्य,positive
अg्rgn्y,अग्रगण्य,positive
अG्Resr,अग्रेसर,positive
अg्resr,अग्रेसर,positive
pुdhari,पुढारी,positive
pुdhaaree,पुढारी,positive
PुDhaaree,पुढारी,positive
NETृT्V,नेतृत्व,positive
netृt्v,नेतृत्व,positive
maar्gdr्shn,मार्गदर्शन,positive
maar्gdr्sn,मार्गदर्शन,positive
mar्gdr्shn,मार्गदर्शन,positive
MAAR्GDR्SHN,मार्गदर्शन,positive
p्rerna,प्रेरणा,positive
p्rernaa,प्रेरणा,positive
P्Rernaa,प्रेरणा,positive
dr्jhedhaar,दर्जेदार,positive
DR्JEDAAR,दर्जेदार,positive
dr्jedar,दर्जेदार,positive
dr्jedaar,दर्जेदार,positive
gुnvt्thaaphoor्n,गुणवत्तापूर्ण,positive
gुnvt्tapur्n,गुणवत्तापूर्ण,positive
gुnvt्taapoor्n,गुणवत्तापूर्ण,positive
GुNvt्Taapoor्N,गुणवत्तापूर्ण,positive
उCh्Ch,उच्च,positive
उc्c,उच्च,positive
उch्ch,उच्च,positive
Sh्Resh्Th,श्रेष्ठ,positive
sh्resh्th,श्रेष्ठ,positive
s्res्th,श्रेष्ठ,positive
अd्vिtheey,अद्वितीय,positive
अD्VिTEEY,अद्वितीय,positive
अd्vिteey,अद्वितीय,positive
अd्vिtiy,अद्वितीय,positive
अSAAMAAN्Y,असामान्य,positive
अsaman्y,असामान्य,positive
अsaamaan्y,असामान्य,positive
vिses,विशेष,positive
vिshesh,विशेष,positive
VिSHESH,विशेष,positive
अNOKHEN,अनोखें,positive
अnokhen,अनोखें,positive
nvlaईchen,नवलाईचें,positive
NVLAAईCHEN,नवलाईचें,positive
nvlaaईchen,नवलाईचें,positive
nvlaaईcen,नवलाईचें,positive
आSH्CHR्YKAARK,आश्चर्यकारक,positive
आsh्chr्ykark,आश्चर्यकारक,positive
आsh्chr्ykaark,आश्चर्यकारक,positive
आsh्chr्ykhaark,आश्चर्यकारक,positive
आs्cr्ykaark,आश्चर्यकारक,positive
phaarkhee,पारखी,positive
parkhi,पारखी,positive
Paarkhee,पारखी,positive
paarkhee,पारखी,positive
nिpुn,निपुण,positive
NिPुN,निपुण,positive
kुsl,कुशळ,positive
KुShl,कुशळ,positive
kुshl,कुशळ,positive
hुnrbaj,हुनरबाज,positive
hुnrbaaj,हुनरबाज,positive
hुnrbhaaj,हुनरबाज,positive
HुNRBAAJ,हुनरबाज,positive
klaakुsr,कलाकुसर,positive
klakुsr,कलाकुसर,positive
KlaakुSr,कलाकुसर,positive
klat्mk,कलात्मक,positive
klaat्mk,कलात्मक,positive
Klaat्Mk,कलात्मक,positive
sृjnseel,सृजनशील,positive
sृjnshil,सृजनशील,positive
SृJnsheel,सृजनशील,positive
sृjnsheel,सृजनशील,positive
NिR्MिTEE,निर्मिती,positive
nिr्mिtee,निर्मिती,positive
nिr्mिti,निर्मिती,positive
nिr्mिthee,निर्मिती,positive
rchnaa,रचना,positive
rcnaa,रचना,positive
RCHNAA,रचना,positive
rchna,रचना,positive
nिr्maan,निर्माण,positive
nिr्man,निर्माण,positive
NिR्Maan,निर्माण,positive
NिRogee,निरोगी,positive
nिrogi,निरोगी,positive
nिrogee,निरोगी,positive
nिroghee,निरोगी,positive
tndुrुs्t,तंदुरुस्त,positive
TndुRुS्T,तंदुरुस्त,positive
S्VS्TH,स्वस्थ,positive
s्vs्th,स्वस्थ,positive
BLिSH्T,बळिश्ट,positive
blिs्t,बळिश्ट,positive
blिsh्t,बळिश्ट,positive
ऊr्jhaavaan,ऊर्जावान,positive
ऊr्javan,ऊर्जावान,positive
ऊr्jaavaan,ऊर्जावान,positive
ऊR्Jaavaan,ऊर्जावान,positive
Sk्RिY,सक्रिय,positive
sk्rिy,सक्रिय,positive
chुs्t,चुस्त,positive
cुs्t,चुस्त,positive
CHुS्T,चुस्त,positive
PhुR्Tee,फुर्ती,positive
phुr्ti,फुर्ती,positive
phुr्tee,फुर्ती,positive
phुr्thee,फुर्ती,positive
thaakd,ताकद,positive
TAAKD,ताकद,positive
takd,ताकद,positive
taakd,ताकद,positive
sk्tee,शक्ती,positive
SHK्TEE,शक्ती,positive
shk्ti,शक्ती,positive
shk्thee,शक्ती,positive
shk्tee,शक्ती,positive
taje,ताजे,positive
thaajhe,ताजे,positive
taaje,ताजे,positive
TAAJE,ताजे,positive
trुn,तरुण,positive
TrुN,तरुण,positive
YुVAA,युवा,positive
yुvaa,युवा,positive
yुva,युवा,positive
caitn्y,चैतन्य,positive
CHAITN्Y,चैतन्य,positive
chaitn्y,चैतन्य,positive
sjheev,सजीव,positive
sjeev,सजीव,positive
Sjeev,सजीव,positive
sjiv,सजीव,positive
P्RAANVNT,प्राणवंत,positive
p्ranvnt,प्राणवंत,positive
p्raanvnt,प्राणवंत,positive
jिvnt,जिवंत,positive
JिVNT,जिवंत,positive
s्phoor्tee,स्फूर्ती,positive
s्phur्ti,स्फूर्ती,positive
s्phoor्thee,स्फूर्ती,positive
S्PHOOR्TEE,स्फूर्ती,positive
उt्sah,उत्साह,positive
उt्saah,उत्साह,positive
उT्SAAH,उत्साह,positive
josh,जोश,positive
jhosh,जोश,positive
JOSH,जोश,positive
jos,जोश,positive
SुNDR,सुंदर,positive
sुndr,सुंदर,positive
rm्y,रम्य,positive
RM्Y,रम्य,positive
Mnohr,मनोहर,positive
mnohr,मनोहर,positive
mnmohk,मनमोहक,positive
Mnmohk,मनमोहक,positive
आkr्sk,आकर्षक,positive
आKr्Shk,आकर्षक,positive
आkr्shk,आकर्षक,positive
lुbhavn,लुभावन,positive
lुbhaavn,लुभावन,positive
LुBHAAVN,लुभावन,positive
MOHK,मोहक,positive
mohk,मोहक,positive
chिt्tthr,चित्तथर,positive
cिt्tthr,चित्तथर,positive
CHिT्TTHR,चित्तथर,positive
hृdyngm,हृदयंगम,positive
HृDYNGM,हृदयंगम,positive
HृDys्Pr्Shee,हृदयस्पर्शी,positive
hृdys्pr्see,हृदयस्पर्शी,positive
hृdys्pr्shi,हृदयस्पर्शी,positive
hृdys्pr्shee,हृदयस्पर्शी,positive
sुvasिk,सुवासिक,positive
sुvaasिk,सुवासिक,positive
SुVAASिK,सुवासिक,positive
SुGNDHEE,सुगंधी,positive
sुgndhi,सुगंधी,positive
sुgndhee,सुगंधी,positive
mdhुr,मधुर,positive
MdhुR,मधुर,positive
SुREL,सुरेल,positive
sुrel,सुरेल,positive
mdhुrs्vr,मधुरस्वर,positive
MDHुRS्VR,मधुरस्वर,positive
taalbd्dh,तालबद्ध,positive
TAALBD्DH,तालबद्ध,positive
thaalbd्dh,तालबद्ध,positive
talbd्dh,तालबद्ध,positive
LYBD्DH,लयबद्ध,positive
lybd्dh,लयबद्ध,positive
sुsngt,सुसंगत,positive
SुSngt,सुसंगत,positive
SुSj्J,सुसज्ज,positive
sुsj्j,सुसज्ज,positive
sjhaavthee,सजावटी,positive
Sjaavtee,सजावटी,positive
sjavti,सजावटी,positive
sjaavtee,सजावटी,positive
hुshar,हुशार,positive
hुshaar,हुशार,positive
hुsaar,हुशार,positive
HुSHAAR,हुशार,positive
chlakh,चलाख,positive
Chlaakh,चलाख,positive
chlaakh,चलाख,positive
claakh,चलाख,positive
bुd्dhiman,बुद्धीमान,positive
bुd्dheemaan,बुद्धीमान,positive
BुD्Dheemaan,बुद्धीमान,positive
vिchaarvaan,विचारवान,positive
vिcaarvaan,विचारवान,positive
vिcharvan,विचारवान,positive
VिCHAARVAAN,विचारवान,positive
TR्KSHुD्DH,तर्कशुद्ध,positive
tr्kshुd्dh,तर्कशुद्ध,positive
tr्ksुd्dh,तर्कशुद्ध,positive
VिVEKEE,विवेकी,positive
vिvekhee,विवेकी,positive
vिveki,विवेकी,positive
vिvekee,विवेकी,positive
J्Ynaanee,ज्ञानी,positive
j्ynani,ज्ञानी,positive
j्ynaanee,ज्ञानी,positive
PndिT,पंडित,positive
pndिt,पंडित,positive
vिd्van,विद्वान,positive
VिD्VAAN,विद्वान,positive
vिd्vaan,विद्वान,positive
sिk्sिt,शिक्षित,positive
shिk्shिt,शिक्षित,positive
SHिK्SHिT,शिक्षित,positive
अNुBhvee,अनुभवी,positive
अnुbhvi,अनुभवी,positive
अnुbhvee,अनुभवी,positive
p्raaveen्y,प्रावीण्य,positive
P्RAAVEEN्Y,प्रावीण्य,positive
p्ravin्y,प्रावीण्य,positive
nिpुnthaa,निपुणता,positive
nिpुntaa,निपुणता,positive
NिPुNTAA,निपुणता,positive
nिpुnta,निपुणता,positive
kausl्y,कौशल्य,positive
khaushl्y,कौशल्य,positive
kaushl्y,कौशल्य,positive
Kaushl्Y,कौशल्य,positive
ksb,कसब,positive
KSB,कसब,positive
HुNr,हुनर,positive
hुnr,हुनर,positive
klaa,कला,positive
kla,कला,positive
KLAA,कला,positive
vिd्yaa,विद्या,positive
vिd्ya,विद्या,positive
VिD्YAA,विद्या,positive
saas्t्r,शास्त्र,positive
shaas्t्r,शास्त्र,positive
Shaas्T्R,शास्त्र,positive
shas्t्r,शास्त्र,positive
Tnt्R,तंत्र,positive
tnt्r,तंत्र,positive
sh्rimnt,श्रीमंत,positive
sh्reemnt,श्रीमंत,positive
Sh्Reemnt,श्रीमंत,positive
s्reemnt,श्रीमंत,positive
dhnvaan,धनवान,positive
dhnvan,धनवान,positive
Dhnvaan,धनवान,positive
SNPN्N,संपन्न,positive
snpn्n,संपन्न,positive
smृd्dh,समृद्ध,positive
SMृD्DH,समृद्ध,positive
vaibhvshaalee,वैभवशाली,positive
Vaibhvshaalee,वैभवशाली,positive
vaibhvshali,वैभवशाली,positive
vaibhvsaalee,वैभवशाली,positive
ऐs्vr्yvaan,ऐश्वर्यवान,positive
ऐsh्vr्yvaan,ऐश्वर्यवान,positive
ऐSh्Vr्Yvaan,ऐश्वर्यवान,positive
ऐsh्vr्yvan,ऐश्वर्यवान,positive
bhaag्ysaalee,भाग्यशाली,positive
bhag्yshali,भाग्यशाली,positive
Bhaag्Yshaalee,भाग्यशाली,positive
bhaag्yshaalee,भाग्यशाली,positive
sुdaivi,सुदैवी,positive
SुDaivee,सुदैवी,positive
sुdhaivee,सुदैवी,positive
sुdaivee,सुदैवी,positive
nshibvan,नशीबवान,positive
nsheebvaan,नशीबवान,positive
nseebvaan,नशीबवान,positive
NSHEEBVAAN,नशीबवान,positive
labhdayk,लाभदायक,positive
Laabhdaayk,लाभदायक,positive
laabhdhaayk,लाभदायक,positive
laabhdaayk,लाभदायक,positive
PHAAYDESHEER,फायदेशीर,positive
phaaydhesheer,फायदेशीर,positive
phaydeshir,फायदेशीर,positive
phaaydesheer,फायदेशीर,positive
phaaydeseer,फायदेशीर,positive
nph्yaachen,नफ्याचें,positive
nph्yachen,नफ्याचें,positive
Nph्Yaachen,नफ्याचें,positive
nph्yaacen,नफ्याचें,positive
उT्PN्N,उत्पन्न,positive
उt्pn्n,उत्पन्न,positive
आy,आय,positive
आY,आय,positive
V्Yvsaay,व्यवसाय,positive
v्yvsay,व्यवसाय,positive
v्yvsaay,व्यवसाय,positive
v्yapar,व्यापार,positive
v्yaaphaar,व्यापार,positive
v्yaapaar,व्यापार,positive
V्YAAPAAR,व्यापार,positive
उD्YOG,उद्योग,positive
उd्yog,उद्योग,positive
dhndho,धंदो,positive
DHNDO,धंदो,positive
dhndo,धंदो,positive
rojghaar,रोजगार,positive
rojgaar,रोजगार,positive
rojgar,रोजगार,positive
ROJGAAR,रोजगार,positive
mait्ripur्n,मैत्रीपूर्ण,positive
Mait्Reepoor्N,मैत्रीपूर्ण,positive
mait्reepoor्n,मैत्रीपूर्ण,positive
mait्reephoor्n,मैत्रीपूर्ण,positive
SHKAAREE,सहकारी,positive
shkaaree,सहकारी,positive
shkari,सहकारी,positive
skaaree,सहकारी,positive
shkhaaree,सहकारी,positive
shay्yk,सहाय्यक,positive
SHAAY्YK,सहाय्यक,positive
saay्yk,सहाय्यक,positive
shaay्yk,सहाय्यक,positive
उpkhaaree,उपकारी,positive
उpkari,उपकारी,positive
उpkaaree,उपकारी,positive
उPkaaree,उपकारी,positive
hिtaishi,हितैषी,positive
hिtaisee,हितैषी,positive
hिtaishee,हितैषी,positive
hिthaishee,हितैषी,positive
HिTaishee,हितैषी,positive
mdtgaar,मदतगार,positive
mdtghaar,मदतगार,positive
mdtgar,मदतगार,positive
MDTGAAR,मदतगार,positive
shay्y,सहाय्य,positive
saay्y,सहाय्य,positive
SHAAY्Y,सहाय्य,positive
shaay्y,सहाय्य,positive
skaar,सहकार,positive
shkaar,सहकार,positive
shkhaar,सहकार,positive
shkar,सहकार,positive
SHKAAR,सहकार,positive
shbhaag,सहभाग,positive
sbhaag,सहभाग,positive
shbhag,सहभाग,positive
SHBHAAG,सहभाग,positive
syog,सहयोग,positive
Shyog,सहयोग,positive
shyog,सहयोग,positive
vिnm्r,विनम्र,positive
VिNM्R,विनम्र,positive
nm्r,नम्र,positive
Nm्R,नम्र,positive
Sbh्Y,सभ्य,positive
sbh्y,सभ्य,positive
SHिSH्T,शिष्ट,positive
shिsh्t,शिष्ट,positive
sिs्t,शिष्ट,positive
sुsns्kृt,सुसंस्कृत,positive
SुSNS्KृT,सुसंस्कृत,positive
Sbh्Ytaa,सभ्यता,positive
sbh्yta,सभ्यता,positive
sbh्ytaa,सभ्यता,positive
sbh्ythaa,सभ्यता,positive
sns्kar,संस्कार,positive
sns्kaar,संस्कार,positive
sns्khaar,संस्कार,positive
Sns्Kaar,संस्कार,positive
seel,शील,positive
shil,शील,positive
SHEEL,शील,positive
sheel,शील,positive
ChaarिT्R्Y,चारित्र्य,positive
caarिt्r्y,चारित्र्य,positive
charिt्r्y,चारित्र्य,positive
chaarिt्r्y,चारित्र्य,positive
SD्GुN,सद्गुण,positive
sd्gुn,सद्गुण,positive
Velevr,वेळेवर,positive
velevr,वेळेवर,positive
tat्pुrten,तात्पुरतें,positive
thaat्pुrthen,तात्पुरतें,positive
taat्pुrten,तात्पुरतें,positive
TAAT्PुRTEN,तात्पुरतें,positive
t्vrिt,त्वरित,positive
T्VrिT,त्वरित,positive
jld,जलद,positive
JLD,जलद,positive
jhpat्yan,झपाट्यान,positive
jhpaat्yaan,झपाट्यान,positive
jhphaat्yaan,झपाट्यान,positive
Jhpaat्Yaan,झपाट्यान,positive
t्vre,त्वरे,positive
T्Vre,त्वरे,positive
seegh्r,शीघ्र,positive
sheegh्r,शीघ्र,positive
shigh्r,शीघ्र,positive
SHEEGH्R,शीघ्र,positive
LVKR,लवकर,positive
lvkr,लवकर,positive
ST्VR,सत्वर,positive
st्vr,सत्वर,positive
अvिlnb,अविलंब,positive
अVिLnb,अविलंब,positive
kaar्yk्shm,कार्यक्षम,positive
khaar्yk्shm,कार्यक्षम,positive
Kaar्Yk्Shm,कार्यक्षम,positive
kar्yk्shm,कार्यक्षम,positive
kaar्yk्sm,कार्यक्षम,positive
kar्ykुshl,कार्यकुशळ,positive
kaar्ykुsl,कार्यकुशळ,positive
khaar्ykुshl,कार्यकुशळ,positive
kaar्ykुshl,कार्यकुशळ,positive
KAAR्YKुSHL,कार्यकुशळ,positive
Dk्Sh,दक्ष,positive
dk्s,दक्ष,positive
dk्sh,दक्ष,positive
sk्sm,सक्षम,positive
SK्SHM,सक्षम,positive
sk्shm,सक्षम,positive
saamr्th्yvaan,सामर्थ्यवान,positive
Saamr्Th्Yvaan,सामर्थ्यवान,positive
samr्th्yvan,सामर्थ्यवान,positive
yog्y,योग्य,positive
YOG्Y,योग्य,positive
उpyुk्t,उपयुक्त,positive
उPyुK्T,उपयुक्त,positive
अnुkhool,अनुकूल,positive
अnुkul,अनुकूल,positive
अNुKool,अनुकूल,positive
अnुkool,अनुकूल,positive
soyees्kr,सोयीस्कर,positive
SOYEES्KR,सोयीस्कर,positive
soyis्kr,सोयीस्कर,positive
dुhkhi,दुःखी,negative
dुhkhee,दुःखी,negative
DुHkhee,दुःखी,negative
KhिN्N,खिन्न,negative
khिn्n,खिन्न,negative
उDAAS,उदास,negative
उdaas,उदास,negative
उdhaas,उदास,negative
उdas,उदास,negative
nिraas,निराश,negative
nिraash,निराश,negative
nिrash,निराश,negative
NिRAASH,निराश,negative
hthaash,हताश,negative
Htaash,हताश,negative
htaas,हताश,negative
htaash,हताश,negative
htash,हताश,negative
NAAउMED,नाउमेद,negative
naaउmed,नाउमेद,negative
naउmed,नाउमेद,negative
nिrुt्sah,निरुत्साह,negative
NिRुT्SAAH,निरुत्साह,negative
nिrुt्saah,निरुत्साह,negative
उdhaaseen,उदासीन,negative
उDaaseen,उदासीन,negative
उdasin,उदासीन,negative
उdaaseen,उदासीन,negative
nिs्thej,निस्तेज,negative
nिs्tej,निस्तेज,negative
NिS्TEJ,निस्तेज,negative
mnd,मंद,negative
MND,मंद,negative
k्rodh,क्रोध,negative
K्Rodh,क्रोध,negative
rag,राग,negative
raag,राग,negative
Raag,राग,negative
Sntaap,संताप,negative
snthaap,संताप,negative
sntap,संताप,negative
sntaap,संताप,negative
ChिDchिD,चिडचिड,negative
chिdchिd,चिडचिड,negative
cिdcिd,चिडचिड,negative
KHVLLELEN,खवळलेलें,negative
khvllelen,खवळलेलें,negative
उD्VEG,उद्वेग,negative
उd्veg,उद्वेग,negative
अS्VS्TH,अस्वस्थ,negative
अs्vs्th,अस्वस्थ,negative
अsaant,अशांत,negative
अshant,अशांत,negative
अshaant,अशांत,negative
अSHAANT,अशांत,negative
अs्thिr,अस्थिर,negative
अS्ThिR,अस्थिर,negative
अsntुlिt,असंतुलित,negative
अSNTुLिT,असंतुलित,negative
BHEETEE,भीती,negative
bheethee,भीती,negative
bheetee,भीती,negative
bhiti,भीती,negative
DR,डर,negative
dr,डर,negative
dhaak,धाक,negative
Dhaak,धाक,negative
dhak,धाक,negative
bhy,भय,negative
BHY,भय,negative
T्Raas,त्रास,negative
t्raas,त्रास,negative
t्ras,त्रास,negative
ghabrn,घाबरण,negative
GHAABRN,घाबरण,negative
ghaabrn,घाबरण,negative
Snkoch,संकोच,negative
snkoc,संकोच,negative
snkhoch,संकोच,negative
snkoch,संकोच,negative
LAAJ,लाज,negative
laaj,लाज,negative
laj,लाज,negative
srm,शरम,negative
SHRM,शरम,negative
shrm,शरम,negative
snbh्rm,संभ्रम,negative
SNBH्RM,संभ्रम,negative
अpyshi,अपयशी,negative
अpyshee,अपयशी,negative
अPYSHEE,अपयशी,negative
अpysee,अपयशी,negative
अsphl,असफल,negative
अSphl,असफल,negative
praabhoot,पराभूत,negative
prabhut,पराभूत,negative
Praabhoot,पराभूत,negative
HRNAAREN,हरणारें,negative
hrnaren,हरणारें,negative
hrnaaren,हरणारें,negative
tot्yachen,तोट्याचें,negative
tot्yaacen,तोट्याचें,negative
tot्yaachen,तोट्याचें,negative
Tot्Yaachen,तोट्याचें,negative
thot्yaachen,तोट्याचें,negative
nुksanichen,नुकसानीचें,negative
NुKSAANEECHEN,नुकसानीचें,negative
nुksaaneechen,नुकसानीचें,negative
nुksaaneecen,नुकसानीचें,negative
Haaneekaark,हानीकारक,negative
haaneekhaark,हानीकारक,negative
haaneekaark,हानीकारक,negative
hanikark,हानीकारक,negative
ghatk,घातक,negative
ghaatk,घातक,negative
GHAATK,घातक,negative
vिnashk,विनाशक,negative
VिNaashk,विनाशक,negative
vिnaask,विनाशक,negative
vिnaashk,विनाशक,negative
nashk,नाशक,negative
Naashk,नाशक,negative
naashk,नाशक,negative
naask,नाशक,negative
अdchn,अडचण,negative
अDchn,अडचण,negative
अdcn,अडचण,negative
अpghaat,अपघात,negative
अPghaat,अपघात,negative
अpghat,अपघात,negative
आpt्tee,आपत्ती,negative
आPT्TEE,आपत्ती,negative
आpt्ti,आपत्ती,negative
आpt्thee,आपत्ती,negative
snkt,संकट,negative
Snkt,संकट,negative
vिpt्thee,विपत्ती,negative
VिPt्Tee,विपत्ती,negative
vिpt्tee,विपत्ती,negative
vिpt्ti,विपत्ती,negative
आPht,आफत,negative
आpht,आफत,negative
mुseebt,मुसीबत,negative
MुSEEBT,मुसीबत,negative
mुsibt,मुसीबत,negative
ks्t,कष्ट,negative
ksh्t,कष्ट,negative
KSH्T,कष्ट,negative
yatna,यातना,negative
YAATNAA,यातना,negative
yaatnaa,यातना,negative
NिKृSH्T,निकृष्ट,negative
nिkृsh्t,निकृष्ट,negative
nिkृs्t,निकृष्ट,negative
hlken,हलकें,negative
HLKEN,हलकें,negative
hlkhen,हलकें,negative
TुCH्CHH,तुच्छ,negative
tुc्ch,तुच्छ,negative
tुch्chh,तुच्छ,negative
nich,नीच,negative
neec,नीच,negative
Neech,नीच,negative
neech,नीच,negative
KMEE,कमी,negative
kmee,कमी,negative
kmi,कमी,negative
अpुren,अपुरें,negative
अPुREN,अपुरें,negative
अPOOR्N,अपूर्ण,negative
अpur्n,अपूर्ण,negative
अphoor्n,अपूर्ण,negative
अpoor्n,अपूर्ण,negative
अr्dvt,अर्दवट,negative
अR्Dvt,अर्दवट,negative
अdhुren,अधुरें,negative
अDhुRen,अधुरें,negative
TुTpुNjen,तुटपुंजें,negative
tुtpुnjhen,तुटपुंजें,negative
tुtpुnjen,तुटपुंजें,negative
khothen,खोटें,negative
KHOTEN,खोटें,negative
khoten,खोटें,negative
अSt्Y,असत्य,negative
अst्y,असत्य,negative
BH्RMJNK,भ्रमजनक,negative
bh्rmjnk,भ्रमजनक,negative
dिshaabhool,दिशाभूल,negative
DिSHAABHOOL,दिशाभूल,negative
dिsaabhool,दिशाभूल,negative
dिshabhul,दिशाभूल,negative
ghothaalaa,घोटाळा,negative
ghotala,घोटाळा,negative
GHOTAALAA,घोटाळा,negative
ghotaalaa,घोटाळा,negative
phsvnook,फसवणूक,negative
PHSVNOOK,फसवणूक,negative
phsvnuk,फसवणूक,negative
chl,छल,negative
CHHL,छल,negative
chhl,छल,negative
Kpt,कपट,negative
kpt,कपट,negative
dhur्t,धूर्त,negative
dhoor्t,धूर्त,negative
DHOOR्T,धूर्त,negative
CHTुR,चतुर,negative
ctुr,चतुर,negative
chtुr,चतुर,negative
आjari,आजारी,negative
आjaaree,आजारी,negative
आJAAREE,आजारी,negative
आjhaaree,आजारी,negative
RुG्N,रुग्ण,negative
rुg्n,रुग्ण,negative
dुr्bl,दुर्बल,negative
DुR्BL,दुर्बल,negative
KmkुVt,कमकुवत,negative
kmkुvt,कमकुवत,negative
अshk्t,अशक्त,negative
अsk्t,अशक्त,negative
अShk्T,अशक्त,negative
nिhshk्t,निःशक्त,negative
NिHshk्T,निःशक्त,negative
nिhsk्t,निःशक्त,negative
अpng,अपंग,negative
अPng,अपंग,negative
VिKLAANG,विकलांग,negative
vिklaang,विकलांग,negative
vिklang,विकलांग,negative
rogg्rs्t,रोगग्रस्त,negative
ROGG्RS्T,रोगग्रस्त,negative
Thklelen,थकलेलें,negative
thklelen,थकलेलें,negative
ShिNlelen,शिणलेलें,negative
shिnlelen,शिणलेलें,negative
sिnlelen,शिणलेलें,negative
K्Laant,क्लांत,negative
k्lant,क्लांत,negative
k्laant,क्लांत,negative
t्rs्t,त्रस्त,negative
T्RS्T,त्रस्त,negative
pidिt,पीडित,negative
pheedिt,पीडित,negative
peedिt,पीडित,negative
PEEDिT,पीडित,negative
yaatnaag्rs्t,यातनाग्रस्त,negative
Yaatnaag्Rs्T,यातनाग्रस्त,negative
yatnag्rs्t,यातनाग्रस्त,negative
Vednaag्Rs्T,वेदनाग्रस्त,negative
vednag्rs्t,वेदनाग्रस्त,negative
vednaag्rs्t,वेदनाग्रस्त,negative
dुkhnen,दुखणें,negative
DुKhnen,दुखणें,negative
v्ythaa,व्यथा,negative
v्ytha,व्यथा,negative
V्Ythaa,व्यथा,negative
Peedaa,पीडा,negative
pheedhaa,पीडा,negative
peedaa,पीडा,negative
pida,पीडा,negative
एkthen,एकटें,negative
एkten,एकटें,negative
एKten,एकटें,negative
अkhelen,अकेलें,negative
अKELEN,अकेलें,negative
अkelen,अकेलें,negative
nिraash्rिt,निराश्रित,negative
nिrash्rिt,निराश्रित,negative
NिRAASH्RिT,निराश्रित,negative
nिraas्rिt,निराश्रित,negative
अNAATH,अनाथ,negative
अnaath,अनाथ,negative
अnath,अनाथ,negative
उpek्sिt,उपेक्षित,negative
उpek्shिt,उपेक्षित,negative
उPek्ShिT,उपेक्षित,negative
उphek्shिt,उपेक्षित,negative
dुr्lk्sिt,दुर्लक्षित,negative
dुr्lk्shिt,दुर्लक्षित,negative
DुR्LK्SHिT,दुर्लक्षित,negative
vgllelen,वगळलेलें,negative
VGLLELEN,वगळलेलें,negative
BHिSH्KृT,बहिष्कृत,negative
bhिs्kृt,बहिष्कृत,negative
bhिsh्kृt,बहिष्कृत,negative
Hd्Dpaar,हद्दपार,negative
hd्dpaar,हद्दपार,negative
hd्dpar,हद्दपार,negative
hd्dphaar,हद्दपार,negative
nिr्vasिt,निर्वासित,negative
nिr्vaasिt,निर्वासित,negative
NिR्VAASिT,निर्वासित,negative
VिRODHEE,विरोधी,negative
vिrodhee,विरोधी,negative
vिrodhi,विरोधी,negative
st्rु,शत्रु,negative
sht्rु,शत्रु,negative
Sht्Rु,शत्रु,negative
d्vesee,द्वेषी,negative
D्Veshee,द्वेषी,negative
d्veshee,द्वेषी,negative
d्veshi,द्वेषी,negative
vairee,वैरी,negative
vairi,वैरी,negative
VAIREE,वैरी,negative
p्rtिs्pr्dhee,प्रतिस्पर्धी,negative
P्RtिS्Pr्Dhee,प्रतिस्पर्धी,negative
p्rtिs्pr्dhi,प्रतिस्पर्धी,negative
VिRodh,विरोध,negative
vिrodh,विरोध,negative
Jhgdaa,झगडा,negative
jhgdaa,झगडा,negative
jhgda,झगडा,negative
jhgdhaa,झगडा,negative
vad,वाद,negative
vaad,वाद,negative
VAAD,वाद,negative
klh,कलह,negative
KLH,कलह,negative
bhandn,भांडण,negative
BHAANDN,भांडण,negative
bhaandn,भांडण,negative
उsheer,उशीर,negative
उSHEER,उशीर,negative
उshir,उशीर,negative
उseer,उशीर,negative
vिlnb,विलंब,negative
VिLNB,विलंब,negative
dिrngaaई,दिरंगाई,negative
dिrngaई,दिरंगाई,negative
dिrnghaaई,दिरंगाई,negative
DिRNGAAई,दिरंगाई,negative
sुs्ti,सुस्ती,negative
sुs्thee,सुस्ती,negative
sुs्tee,सुस्ती,negative
SुS्Tee,सुस्ती,negative
आls,आळस,negative
आLs,आळस,negative
nिsh्k्rिy,निष्क्रिय,negative
NिSH्K्RिY,निष्क्रिय,negative
nिs्k्rिy,निष्क्रिय,negative
अKR्MN्Y,अकर्मण्य,negative
अkr्mn्y,अकर्मण्य,negative
आlshi,आळशी,negative
आlshee,आळशी,negative
आlsee,आळशी,negative
आLSHEE,आळशी,negative
MNDGTEE,मंदगती,negative
mndgthee,मंदगती,negative
mndgti,मंदगती,negative
mndgtee,मंदगती,negative
mndpna,मंदपणा,negative
mndpnaa,मंदपणा,negative
MNDPNAA,मंदपणा,negative
अkaar्yk्shm,अकार्यक्षम,negative
अKaar्Yk्Shm,अकार्यक्षम,negative
अkar्yk्shm,अकार्यक्षम,negative
अkaar्yk्sm,अकार्यक्षम,negative
अkhaar्yk्shm,अकार्यक्षम,negative
अdk्s,अदक्ष,negative
अDK्SH,अदक्ष,negative
अdk्sh,अदक्ष,negative
अSMR्TH,असमर्थ,negative
अsmr्th,असमर्थ,negative
अYOG्Y,अयोग्य,negative
अyog्y,अयोग्य,negative
अnुpyुk्t,अनुपयुक्त,negative
अNुPYुK्T,अनुपयुक्त,negative
अnnुkool,अननुकूल,negative
अnnुkhool,अननुकूल,negative
अnnुkul,अननुकूल,negative
अNnुKool,अननुकूल,negative
अSoyees्Kr,असोयीस्कर,negative
अsoyees्kr,असोयीस्कर,negative
अsoyis्kr,असोयीस्कर,negative
अv्yvs्thिt,अव्यवस्थित,negative
अV्Yvs्ThिT,अव्यवस्थित,negative
GONDHL,गोंधळ,negative
gondhl,गोंधळ,negative
ghondhl,गोंधळ,negative
अrajk,अराजक,negative
अRAAJK,अराजक,negative
अraajk,अराजक,negative
p्rdooshिt,प्रदूषित,negative
p्rdhooshिt,प्रदूषित,negative
P्RDOOSHिT,प्रदूषित,negative
p्rdushिt,प्रदूषित,negative
p्rdoosिt,प्रदूषित,negative
MAIL,मैल,negative
mail,मैल,negative
अShुD्Dh,अशुद्ध,negative
अshुd्dh,अशुद्ध,negative
अsुd्dh,अशुद्ध,negative
अpvिt्r,अपवित्र,negative
अPVिT्R,अपवित्र,negative
dushिt,दूषित,negative
doosिt,दूषित,negative
dhooshिt,दूषित,negative
DOOSHिT,दूषित,negative
dooshिt,दूषित,negative
vिkृt,विकृत,negative
VिKृT,विकृत,negative
vिkaarg्rs्t,विकारग्रस्त,negative
vिkhaarg्rs्t,विकारग्रस्त,negative
VिKaarg्Rs्T,विकारग्रस्त,negative
vिkarg्rs्t,विकारग्रस्त,negative
ROGKAARK,रोगकारक,negative
rogkark,रोगकारक,negative
rogkaark,रोगकारक,negative
rogkhaark,रोगकारक,negative
Snsr्Gjn्Y,संसर्गजन्य,negative
snsr्gjn्y,संसर्गजन्य,negative
sansr्gिk,सांसर्गिक,negative
saansr्gिk,सांसर्गिक,negative
Saansr्GिK,सांसर्गिक,negative
dhokhaadhaayk,धोकादायक,negative
dhokaadaayk,धोकादायक,negative
Dhokaadaayk,धोकादायक,negative
dhokadayk,धोकादायक,negative
jokhmi,जोखमी,negative
jhokhmee,जोखमी,negative
jokhmee,जोखमी,negative
Jokhmee,जोखमी,negative
अsुrk्shिt,असुरक्षित,negative
अSुRk्ShिT,असुरक्षित,negative
अsुrk्sिt,असुरक्षित,negative
Bhyaan,भयाण,negative
bhyan,भयाण,negative
bhyaan,भयाण,negative
draavn,डरावन,negative
dravn,डरावन,negative
Draavn,डरावन,negative
Ghor,घोर,negative
ghor,घोर,negative
bhynkr,भयंकर,negative
Bhynkr,भयंकर,negative
VिK्Raal,विक्राळ,negative
vिk्raal,विक्राळ,negative
vिk्ral,विक्राळ,negative
raak्ssee,राक्षसी,negative
rak्shsi,राक्षसी,negative
RAAK्SHSEE,राक्षसी,negative
raak्shsee,राक्षसी,negative
अMaanvee,अमानवी,negative
अmaanvee,अमानवी,negative
अmanvi,अमानवी,negative
khaalaavdhee,कालावधी,neutral
KAALAAVDHEE,कालावधी,neutral
kalavdhi,कालावधी,neutral
kaalaavdhee,कालावधी,neutral
mुdt,मुदत,neutral
MुDT,मुदत,neutral
अVDHEE,अवधी,neutral
अvdhee,अवधी,neutral
अvdhi,अवधी,neutral
VEL,वेळ,neutral
vel,वेळ,neutral
smy,समय,neutral
SMY,समय,neutral
thaas,तास,neutral
tas,तास,neutral
taas,तास,neutral
TAAS,तास,neutral
mिneet,मिनीट,neutral
mिnit,मिनीट,neutral
MिNEET,मिनीट,neutral
seknd,सेकंद,neutral
Seknd,सेकंद,neutral
Dees,दीस,neutral
dis,दीस,neutral
dhees,दीस,neutral
dees,दीस,neutral
RAAT,रात,neutral
rat,रात,neutral
raat,रात,neutral
SKAAL,सकाळ,neutral
skal,सकाळ,neutral
skhaal,सकाळ,neutral
skaal,सकाळ,neutral
dुphaar,दुपार,neutral
dुpar,दुपार,neutral
dुpaar,दुपार,neutral
DुPAAR,दुपार,neutral
SNDH्YAAKAAL,संध्याकाळ,neutral
sndh्yakal,संध्याकाळ,neutral
sndh्yaakhaal,संध्याकाळ,neutral
sndh्yaakaal,संध्याकाळ,neutral
mdh्yrat्r,मध्यरात्र,neutral
mdh्yraat्r,मध्यरात्र,neutral
Mdh्Yraat्R,मध्यरात्र,neutral
P्Rhr,प्रहर,neutral
p्rhr,प्रहर,neutral
YुG,युग,neutral
yुg,युग,neutral
Shtk,शतक,neutral
stk,शतक,neutral
shtk,शतक,neutral
dshk,दशक,neutral
dsk,दशक,neutral
DSHK,दशक,neutral
Vr्Sh,वर्ष,neutral
vr्s,वर्ष,neutral
vr्sh,वर्ष,neutral
mhिno,महिनो,neutral
MHिNO,महिनो,neutral
P्Rmaan,प्रमाण,neutral
p्rmaan,प्रमाण,neutral
p्rman,प्रमाण,neutral
prिman,परिमाण,neutral
prिmaan,परिमाण,neutral
PrिMaan,परिमाण,neutral
Maap,माप,neutral
maap,माप,neutral
map,माप,neutral
Tol,तोल,neutral
tol,तोल,neutral
thol,तोल,neutral
Vjn,वजन,neutral
vjn,वजन,neutral
ghnthaa,घनता,neutral
Ghntaa,घनता,neutral
ghnta,घनता,neutral
ghntaa,घनता,neutral
ghnphl,घनफळ,neutral
Ghnphl,घनफळ,neutral
K्Shet्R,क्षेत्र,neutral
k्shet्r,क्षेत्र,neutral
k्set्r,क्षेत्र,neutral
vिs्tar,विस्तार,neutral
vिs्thaar,विस्तार,neutral
VिS्TAAR,विस्तार,neutral
vिs्taar,विस्तार,neutral
prिseemaa,परिसीमा,neutral
prिsima,परिसीमा,neutral
PrिSeemaa,परिसीमा,neutral
lanbay,लांबाय,neutral
laanbhaay,लांबाय,neutral
laanbaay,लांबाय,neutral
Laanbaay,लांबाय,neutral
rुnday,रुंदाय,neutral
RुNDAAY,रुंदाय,neutral
rुndhaay,रुंदाय,neutral
rुndaay,रुंदाय,neutral
उncaay,उंचाय,neutral
उnchay,उंचाय,neutral
उNCHAAY,उंचाय,neutral
उnchaay,उंचाय,neutral
kholay,खोलाय,neutral
kholaay,खोलाय,neutral
Kholaay,खोलाय,neutral
jaday,जाडाय,neutral
jaadaay,जाडाय,neutral
jhaadhaay,जाडाय,neutral
JAADAAY,जाडाय,neutral
PAATLAAY,पातळाय,neutral
phaatlaay,पातळाय,neutral
patlay,पातळाय,neutral
paatlaay,पातळाय,neutral
आKAAR,आकार,neutral
आkhaar,आकार,neutral
आkar,आकार,neutral
आkaar,आकार,neutral
आKृTEE,आकृती,neutral
आkृthee,आकृती,neutral
आkृti,आकृती,neutral
आkृtee,आकृती,neutral
roop,रूप,neutral
rup,रूप,neutral
ROOP,रूप,neutral
s्vroop,स्वरूप,neutral
S्VROOP,स्वरूप,neutral
s्vrup,स्वरूप,neutral
उt्tr,उत्तर,neutral
उT्TR,उत्तर,neutral
DK्SHिN,दक्षिण,neutral
dk्sिn,दक्षिण,neutral
dk्shिn,दक्षिण,neutral
phoor्v,पूर्व,neutral
poor्v,पूर्व,neutral
pur्v,पूर्व,neutral
Poor्V,पूर्व,neutral
psh्chिm,पश्चिम,neutral
PSH्CHिM,पश्चिम,neutral
ps्cिm,पश्चिम,neutral
VR,वर,neutral
vr,वर,neutral
Khaal,खाल,neutral
khaal,खाल,neutral
khal,खाल,neutral
आT,आत,neutral
आt,आत,neutral
baaher,बाहेर,neutral
BAAHER,बाहेर,neutral
baher,बाहेर,neutral
bhaaher,बाहेर,neutral
smor,समोर,neutral
Smor,समोर,neutral
magen,मागें,neutral
MAAGEN,मागें,neutral
maaghen,मागें,neutral
maagen,मागें,neutral
JVL,जवळ,neutral
jvl,जवळ,neutral
Door,दूर,neutral
dur,दूर,neutral
door,दूर,neutral
dhoor,दूर,neutral
MDH्Y,मध्य,neutral
mdh्y,मध्य,neutral
kdhe,कडे,neutral
KDE,कडे,neutral
kde,कडे,neutral
dिsha,दिशा,neutral
dिshaa,दिशा,neutral
DिShaa,दिशा,neutral
dिsaa,दिशा,neutral
khon,कोन,neutral
kon,कोन,neutral
KON,कोन,neutral
अK्SHAANSH,अक्षांश,neutral
अk्shansh,अक्षांश,neutral
अk्shaansh,अक्षांश,neutral
अk्saans,अक्षांश,neutral
rekhansh,रेखांश,neutral
rekhaansh,रेखांश,neutral
rekhaans,रेखांश,neutral
Rekhaansh,रेखांश,neutral
s्than,स्थान,neutral
S्Thaan,स्थान,neutral
s्thaan,स्थान,neutral
nिr्desaank,निर्देशांक,neutral
nिr्deshaank,निर्देशांक,neutral
nिr्deshank,निर्देशांक,neutral
NिR्Deshaank,निर्देशांक,neutral
nिr्dheshaank,निर्देशांक,neutral
PD्DHT,पद्धत,neutral
pd्dht,पद्धत,neutral
Reet,रीत,neutral
reet,रीत,neutral
rit,रीत,neutral
Tnt्R,तंत्र,neutral
tnt्r,तंत्र,neutral
p्rk्rिya,प्रक्रिया,neutral
P्RK्RिYAA,प्रक्रिया,neutral
p्rk्rिyaa,प्रक्रिया,neutral
KAAR्YPD्DHTEE,कार्यपद्धती,neutral
kar्ypd्dhti,कार्यपद्धती,neutral
kaar्ypd्dhtee,कार्यपद्धती,neutral
khaar्ypd्dhthee,कार्यपद्धती,neutral
ऑpreshn,ऑपरेशन,neutral
ऑPRESHN,ऑपरेशन,neutral
ऑpresn,ऑपरेशन,neutral
sncaaln,संचालन,neutral
snchaln,संचालन,neutral
SNCHAALN,संचालन,neutral
snchaaln,संचालन,neutral
NिYnt्Rn,नियंत्रण,neutral
nिynt्rn,नियंत्रण,neutral
v्yvs्thapn,व्यवस्थापन,neutral
v्yvs्thaapn,व्यवस्थापन,neutral
V्YVS्THAAPN,व्यवस्थापन,neutral
अNmlbjaavnee,अंमलबजावणी,neutral
अnmlbjavni,अंमलबजावणी,neutral
अnmlbjhaavnee,अंमलबजावणी,neutral
अnmlbjaavnee,अंमलबजावणी,neutral
Kaar्Yaan्Vyn,कार्यान्वयन,neutral
khaar्yaan्vyn,कार्यान्वयन,neutral
kaar्yaan्vyn,कार्यान्वयन,neutral
kar्yan्vyn,कार्यान्वयन,neutral
अNुP्Ryog,अनुप्रयोग,neutral
अnुp्ryog,अनुप्रयोग,neutral
vaapr,वापर,neutral
vapr,वापर,neutral
Vaapr,वापर,neutral
उpyog,उपयोग,neutral
उPyog,उपयोग,neutral
phaydo,फायदो,neutral
phaaydho,फायदो,neutral
phaaydo,फायदो,neutral
PHAAYDO,फायदो,neutral
labh,लाभ,neutral
LAABH,लाभ,neutral
laabh,लाभ,neutral
prिnam,परिणाम,neutral
PRिNAAM,परिणाम,neutral
prिnaam,परिणाम,neutral
Phl,फळ,neutral
phl,फळ,neutral
nिs्kr्s,निष्कर्ष,neutral
NिSH्KR्SH,निष्कर्ष,neutral
nिsh्kr्sh,निष्कर्ष,neutral
TुLNAA,तुलना,neutral
tुlnaa,तुलना,neutral
tुlna,तुलना,neutral
saamnaa,सामना,neutral
samna,सामना,neutral
Saamnaa,सामना,neutral
S्PR्DHAA,स्पर्धा,neutral
s्pr्dha,स्पर्धा,neutral
s्pr्dhaa,स्पर्धा,neutral
p्rtिs्pr्dhaa,प्रतिस्पर्धा,neutral
P्RTिS्PR्DHAA,प्रतिस्पर्धा,neutral
p्rtिs्pr्dha,प्रतिस्पर्धा,neutral
VिRODH,विरोध,neutral
vिrodh,विरोध,neutral
smaantaa,समानता,neutral
smanta,समानता,neutral
Smaantaa,समानता,neutral
smaanthaa,समानता,neutral
SAADृSH्Y,सादृश्य,neutral
saadृs्y,सादृश्य,neutral
saadृsh्y,सादृश्य,neutral
sadृsh्y,सादृश्य,neutral
phrk,फरक,neutral
Phrk,फरक,neutral
अNtr,अंतर,neutral
अntr,अंतर,neutral
v्ytिrek,व्यतिरेक,neutral
V्YTिREK,व्यतिरेक,neutral
snbndh,संबंध,neutral
SNBNDH,संबंध,neutral
NAATEN,नातें,neutral
naaten,नातें,neutral
naten,नातें,neutral
naathen,नातें,neutral
SNPR्K,संपर्क,neutral
snpr्k,संपर्क,neutral
Jod,जोड,neutral
jhod,जोड,neutral
jod,जोड,neutral
bndh,बंध,neutral
Bndh,बंध,neutral
आntrsnbndh,आंतरसंबंध,neutral
आNtrsnbndh,आंतरसंबंध,neutral
अntr्gt,अंतर्गत,neutral
अNtr्Gt,अंतर्गत,neutral
Baah्Y,बाह्य,neutral
bah्y,बाह्य,neutral
baah्y,बाह्य,neutral
bhaah्y,बाह्य,neutral
आntrिk,आंतरिक,neutral
आNTRिK,आंतरिक,neutral
